{"stats":{"minecraft:mined":{"minecraft:grass_block":2,"minecraft:dirt":1},"minecraft:picked_up":{"minecraft:dirt":3},"minecraft:custom":{"minecraft:jump":17,"minecraft:time_since_rest":1858,"minecraft:leave_game":2,"minecraft:crouch_one_cm":137,"minecraft:play_time":7716,"minecraft:sprint_one_cm":917,"minecraft:damage_taken":20,"minecraft:time_since_death":7716,"minecraft:walk_one_cm":5703,"minecraft:sleep_in_bed":1,"minecraft:sneak_time":60,"minecraft:total_world_time":7716,"minecraft:fall_one_cm":1167,"minecraft:fly_one_cm":13113},"minecraft:used":{"minecraft:pink_bed":1,"minecraft:dirt":2}},"DataVersion":3465}