{"stats":{"minecraft:picked_up":{"minecraft:dirt":3},"minecraft:custom":{"minecraft:jump":17,"minecraft:time_since_rest":3584,"minecraft:crouch_one_cm":137,"minecraft:leave_game":2,"minecraft:play_time":3584,"minecraft:sprint_one_cm":917,"minecraft:damage_taken":20,"minecraft:time_since_death":3584,"minecraft:walk_one_cm":5258,"minecraft:sneak_time":60,"minecraft:total_world_time":3584,"minecraft:fall_one_cm":1167,"minecraft:fly_one_cm":13113},"minecraft:mined":{"minecraft:grass_block":2,"minecraft:dirt":1},"minecraft:used":{"minecraft:dirt":2,"securitycraft:keypad_item":1}},"DataVersion":3465}