{"stats":{"minecraft:mined":{"minecraft:grass_block":3,"minecraft:oak_log":3,"minecraft:dirt":24,"minecraft:stone":26,"minecraft:oak_leaves":2},"minecraft:used":{"minecraft:wooden_axe":5,"minecraft:stone_shovel":15,"minecraft:stone_pickaxe":30,"minecraft:oak_planks":1},"minecraft:picked_up":{"minecraft:wooden_axe":1,"minecraft:oak_log":1,"minecraft:dirt":24,"minecraft:cobblestone":33},"minecraft:crafted":{"minecraft:oak_planks":4,"minecraft:stone_shovel":1,"minecraft:stick":4,"minecraft:stone_pickaxe":1},"minecraft:custom":{"minecraft:time_since_rest":15011,"minecraft:play_time":15011,"minecraft:sprint_one_cm":1592,"minecraft:damage_taken":20,"minecraft:walk_one_cm":23336,"minecraft:jump":38,"minecraft:leave_game":2,"minecraft:time_since_death":15011,"minecraft:total_world_time":15011,"minecraft:interact_with_crafting_table":4,"minecraft:fall_one_cm":1080,"minecraft:fly_one_cm":93}},"DataVersion":3465}