{"stats":{"minecraft:crafted":{"minecraft:oak_planks":4,"minecraft:stone_shovel":1,"minecraft:stick":4,"minecraft:stone_pickaxe":1},"minecraft:custom":{"minecraft:time_since_rest":26224,"minecraft:play_time":26224,"minecraft:sprint_one_cm":1592,"minecraft:damage_taken":60,"minecraft:walk_one_cm":49394,"minecraft:mob_kills":1,"minecraft:jump":81,"minecraft:damage_dealt":81,"minecraft:leave_game":3,"minecraft:time_since_death":26224,"minecraft:walk_on_water_one_cm":280,"minecraft:total_world_time":26224,"minecraft:interact_with_crafting_table":4,"minecraft:fly_one_cm":93,"minecraft:fall_one_cm":2251},"minecraft:killed":{"minecraft:sheep":1},"minecraft:picked_up":{"minecraft:wooden_axe":1,"minecraft:wheat_seeds":1,"minecraft:torch":1,"minecraft:oak_log":1,"minecraft:mutton":2,"minecraft:dirt":66,"minecraft:white_wool":1,"minecraft:cobblestone":46},"minecraft:mined":{"minecraft:grass":1,"minecraft:grass_block":9,"minecraft:oak_log":3,"minecraft:dirt":74,"minecraft:stone":41,"minecraft:oak_leaves":2,"minecraft:wall_torch":1},"minecraft:used":{"minecraft:wooden_axe":5,"minecraft:dirt":5,"minecraft:stone_shovel":45,"minecraft:stone_pickaxe":57,"minecraft:oak_planks":1}},"DataVersion":3465}