{"stats":{"minecraft:crafted":{"minecraft:wooden_sword":1,"minecraft:oak_planks":24,"minecraft:charcoal":2,"minecraft:crafting_table":2,"minecraft:stick":12,"minecraft:wooden_pickaxe":1,"minecraft:stone_pickaxe":1,"minecraft:wooden_axe":2,"minecraft:stone_sword":1,"minecraft:furnace":1,"minecraft:torch":8,"minecraft:air":0},"minecraft:custom":{"minecraft:time_since_rest":31032,"minecraft:interact_with_furnace":3,"minecraft:sprint_one_cm":3091,"minecraft:damage_taken":40,"minecraft:walk_one_cm":60151,"minecraft:drop":1,"minecraft:damage_dealt":10,"minecraft:interact_with_crafting_table":6,"minecraft:fly_one_cm":971,"minecraft:crouch_one_cm":104,"minecraft:play_time":31032,"minecraft:sneak_time":264,"minecraft:jump":48,"minecraft:leave_game":2,"minecraft:time_since_death":31032,"minecraft:total_world_time":31032,"minecraft:fall_one_cm":1154},"minecraft:picked_up":{"minecraft:birch_log":6,"minecraft:charcoal":4,"minecraft:stick":3,"minecraft:crafting_table":1,"minecraft:torch":1,"minecraft:oak_log":20,"minecraft:dirt":25,"minecraft:apple":1,"minecraft:wheat_seeds":1,"minecraft:oak_sapling":8,"minecraft:birch_sapling":1,"minecraft:oak_planks":1,"minecraft:cobblestone":62,"minecraft:furnace":1},"minecraft:mined":{"minecraft:furnace":1,"minecraft:birch_log":1,"minecraft:crafting_table":1,"minecraft:grass_block":5,"minecraft:oak_log":6,"minecraft:dirt":9,"minecraft:cobblestone":1,"minecraft:stone":66,"minecraft:oak_planks":1,"minecraft:wall_torch":1},"minecraft:dropped":{"minecraft:wooden_axe":1},"minecraft:used":{"minecraft:wooden_axe":6,"minecraft:stone_pickaxe":45,"minecraft:wooden_pickaxe":24,"minecraft:torch":2,"minecraft:dirt":5,"minecraft:cobblestone":1,"minecraft:crafting_table":2,"minecraft:furnace":1,"alexsmobs:animal_dictionary":1}},"DataVersion":3465}