{"stats":{"minecraft:mined":{"minecraft:birch_log":1,"minecraft:grass_block":1,"minecraft:oak_log":6,"minecraft:cobblestone":1,"minecraft:stone":66,"minecraft:oak_planks":1,"minecraft:wall_torch":1},"minecraft:used":{"minecraft:wooden_axe":5,"minecraft:stone_pickaxe":44,"minecraft:wooden_pickaxe":24,"minecraft:torch":2,"minecraft:dirt":1,"minecraft:cobblestone":1,"minecraft:crafting_table":2,"minecraft:furnace":1,"alexsmobs:animal_dictionary":1},"minecraft:picked_up":{"minecraft:birch_log":6,"minecraft:stick":3,"minecraft:torch":1,"minecraft:oak_log":18,"minecraft:dirt":1,"minecraft:apple":1,"minecraft:oak_sapling":8,"minecraft:birch_sapling":1,"minecraft:oak_planks":1,"minecraft:cobblestone":60},"minecraft:dropped":{"minecraft:wooden_axe":1},"minecraft:crafted":{"minecraft:wooden_sword":1,"minecraft:oak_planks":24,"minecraft:charcoal":2,"minecraft:crafting_table":2,"minecraft:stick":12,"minecraft:wooden_pickaxe":1,"minecraft:stone_pickaxe":1,"minecraft:wooden_axe":2,"minecraft:stone_sword":1,"minecraft:furnace":1,"minecraft:torch":8,"minecraft:air":0},"minecraft:custom":{"minecraft:time_since_rest":14986,"minecraft:interact_with_furnace":3,"minecraft:sprint_one_cm":1574,"minecraft:damage_taken":10,"minecraft:walk_one_cm":37531,"minecraft:drop":1,"minecraft:damage_dealt":10,"minecraft:interact_with_crafting_table":6,"minecraft:fly_one_cm":489,"minecraft:crouch_one_cm":104,"minecraft:play_time":14986,"minecraft:sneak_time":264,"minecraft:jump":37,"minecraft:leave_game":1,"minecraft:time_since_death":14986,"minecraft:total_world_time":14986,"minecraft:fall_one_cm":335}},"DataVersion":3465}