{"stats":{"minecraft:mined":{"minecraft:oak_log":6},"minecraft:used":{"minecraft:wooden_axe":1,"alexsmobs:animal_dictionary":1,"minecraft:crafting_table":1},"minecraft:picked_up":{"minecraft:oak_log":6},"minecraft:crafted":{"minecraft:crafting_table":1,"minecraft:oak_planks":24,"minecraft:stick":4,"minecraft:wooden_axe":1},"minecraft:custom":{"minecraft:jump":8,"minecraft:time_since_rest":2986,"minecraft:crouch_one_cm":26,"minecraft:damage_dealt":10,"minecraft:leave_game":1,"minecraft:play_time":2986,"minecraft:sprint_one_cm":444,"minecraft:time_since_death":2986,"minecraft:walk_one_cm":5687,"minecraft:sneak_time":125,"minecraft:total_world_time":2986,"minecraft:interact_with_crafting_table":1,"minecraft:fly_one_cm":32}},"DataVersion":3465}